symbol,pattern,stage,atr,relative_volume,support,resistance,sma_change_5,sma_change_10,sma_change_20,sma_change_50,sma_change_100,sma_change_200,error
AADI.JK,channel down,breakout,334.43,1.37,7405.28,7694.76,,,,,,,
AALI.JK,channel down,topping,127.91,0.7,6161.29,6202.03,,,,,,,
ABBA.JK,channel down,basing,2.16,0.1,42.15,63.6,,,,,,,
ABMM.JK,channel up,topping,86.56,1.18,3278.7,3337.2,,,,,,,
ACES.JK,channel up,basing,28.34,0.43,529.18,554.1,,,,,,,
ACRO.JK,channel down,topping,3.13,0.45,65.19,70.2,,,,,,,
ACST.JK,channel down,basing,2.17,0.94,96.07,90.81,,,,,,,
ADCP.JK,sideways,basing,0.0,1.55,50.0,50.0,,,,,,,
ADES.JK,channel up,basing,379.37,0.78,10914.98,11183.66,,,,,,,
ADHI.JK,channel down,basing,14.74,0.92,287.28,301.27,,,,,,,
ADMF.JK,channel up,topping,209.7,0.23,8665.31,8809.48,,,,,,,
ADMG.JK,channel down,topping,4.66,19.59,118.25,124.74,,,,,,,
ADMR.JK,channel down,breakout,41.24,1.56,938.18,979.94,,,,,,,
ADRO.JK,channel down,breakout,93.48,2.99,1947.36,2173.51,,,,,,,
AEGS.JK,channel down,breakout,2.29,3.02,28.93,27.24,,,,,,,
AGAR.JK,channel down,topping,12.17,0.01,251.88,255.01,,,,,,,
AGII.JK,channel down,breakout,44.79,1.19,1280.0,1286.29,,,,,,,
AGRO.JK,channel down,breakout,9.18,0.42,237.51,243.93,,,,,,,
AGRS.JK,channel down,topping,2.86,0.23,69.73,69.68,,,,,,,
AHAP.JK,channel up,breakout,4.27,0.62,79.77,79.39,,,,,,,
AIMS.JK,channel up,basing,13.79,0.0,284.29,257.5,,,,,,,
AISA.JK,channel down,topping,7.03,0.87,134.59,163.7,,,,,,,
AKKU.JK,channel down,breakout,1.12,0.76,11.12,26.0,,,,,,,
AKPI.JK,channel down,topping,31.11,0.19,606.05,620.93,,,,,,,
AKRA.JK,channel up,topping,51.16,0.2,1339.02,1327.93,,,,,,,
AKSI.JK,channel down,breakout,24.39,0.73,200.5,308.31,,,,,,,
ALDO.JK,multiple tops,basing,12.6,0.61,483.93,490.74,,,,,,,
ALII.JK,channel down,breakout,26.1,0.19,520.24,560.09,,,,,,,
ALKA.JK,channel up,basing,16.12,0.08,317.6,321.47,,,,,,,
ALTO.JK,channel down,breakout,0.74,0.92,14.46,16.27,,,,,,,
AMAG.JK,channel down,breakdown,19.37,0.76,387.88,431.57,,,,,,,
AMAN.JK,channel down,breakout,5.41,1.47,100.88,115.16,,,,,,,
AMAR.JK,channel down,basing,5.15,0.39,173.04,173.99,,,,,,,
AMFG.JK,channel down,breakout,122.49,0.91,3752.23,3658.28,,,,,,,
AMIN.JK,channel up,breakout,6.98,40.36,142.38,145.04,,,,,,,
AMMN.JK,channel up,breakdown,298.27,1.04,8984.41,8793.31,,,,,,,
AMMS.JK,channel down,basing,6.08,1.95,56.28,92.63,,,,,,,
AMOR.JK,channel down,basing,22.59,0.17,563.5,583.27,,,,,,,
AMRT.JK,channel up,breakout,106.68,0.24,2539.52,2423.73,,,,,,,
ANDI.JK,channel down,breakout,0.75,0.16,14.49,16.0,,,,,,,
ANJT.JK,channel up,basing,30.2,0.32,1772.69,1775.51,,,,,,,
ANTM.JK,channel down,topping,128.01,0.7,2826.63,2998.95,,,,,,,
APEX.JK,channel down,breakout,4.93,5.3,103.68,103.66,,,,,,,
APIC.JK,channel down,topping,31.52,0.44,1142.15,1184.66,,,,,,,
APII.JK,multiple tops,basing,2.62,0.03,164.55,169.54,,,,,,,
APLI.JK,channel up,breakout,36.12,0.08,569.0,613.58,,,,,,,
APLN.JK,channel down,breakout,3.63,2.1,96.85,100.78,,,,,,,
ARCI.JK,channel down,basing,18.1,0.61,352.1,391.62,,,,,,,
AREA.JK,channel up,breakout,40.86,0.26,483.77,632.27,,,,,,,
ARGO.JK,channel up,topping,40.9,0.56,595.32,622.79,,,,,,,
ARII.JK,channel down,basing,17.14,0.1,300.01,310.3,,,,,,,
ARKA.JK,channel down,breakout,1.13,3.33,14.0,30.0,,,,,,,
ARKO.JK,channel up,breakdown,39.02,1.91,935.83,905.0,,,,,,,
ARMY.JK,sideways,basing,0.0,,50.0,50.0,,,,,,,
ARNA.JK,channel down,basing,18.13,0.31,563.65,586.77,,,,,,,
ARTA.JK,channel up,topping,58.09,0.91,1883.68,2140.0,,,,,,,
ARTI.JK,sideways,basing,0.0,,2.0,2.0,,,,,,,
ARTO.JK,channel down,breakout,94.02,0.8,2156.08,2136.03,,,,,,,
ASBI.JK,channel up,basing,25.98,0.24,432.18,439.1,,,,,,,
ASDM.JK,channel up,topping,11.88,2.89,510.0,510.51,,,,,,,
ASGR.JK,channel down,breakout,25.43,1.1,883.02,924.96,,,,,,,
ASHA.JK,channel down,breakout,0.72,1.91,11.27,13.11,,,,,,,
ASII.JK,channel down,topping,100.42,1.22,4926.67,4886.07,,,,,,,
ASJT.JK,channel down,topping,3.74,0.06,106.2,110.77,,,,,,,
ASLC.JK,channel down,breakout,3.57,0.65,72.0,75.87,,,,,,,
ASLI.JK,sideways,basing,0.02,0.01,50.0,50.0,,,,,,,
ASMI.JK,channel down,breakout,0.87,0.49,14.18,15.57,,,,,,,
ASPI.JK,multiple bottoms,basing,11.18,0.01,152.58,157.7,,,,,,,
ASRI.JK,channel down,topping,6.6,3.27,144.91,150.1,,,,,,,
ASRM.JK,channel down,topping,7.97,0.57,298.72,306.35,,,,,,,
ASSA.JK,channel down,breakout,32.44,1.71,750.13,751.46,,,,,,,
ATAP.JK,channel down,topping,1.09,0.15,28.42,29.37,,,,,,,
ATIC.JK,channel up,basing,17.11,0.15,388.38,389.31,,,,,,,
ATLA.JK,sideways,basing,0.0,0.91,50.0,50.0,,,,,,,
AUTO.JK,channel up,topping,62.23,1.07,2238.79,2235.15,,,,,,,
AVIA.JK,channel down,basing,12.44,0.46,474.86,466.2,,,,,,,
AWAN.JK,channel up,breakout,15.96,0.4,311.32,343.11,,,,,,,
AXIO.JK,channel down,breakout,4.46,0.41,119.04,122.17,,,,,,,
AYAM.JK,multiple bottoms,basing,4.44,0.16,141.64,147.73,,,,,,,
AYLS.JK,channel down,breakout,8.19,0.49,85.64,96.24,,,,,,,
BABP.JK,multiple tops,basing,1.95,0.51,54.83,54.68,,,,,,,
BABY.JK,channel up,topping,22.11,0.29,404.57,392.91,,,,,,,
BACA.JK,multiple tops,basing,1.58,0.07,131.14,132.37,,,,,,,
BAIK.JK,channel down,breakout,5.05,0.92,66.64,74.67,,,,,,,
BAJA.JK,channel down,topping,3.33,0.5,88.48,87.47,,,,,,,
BALI.JK,channel up,topping,51.18,1.53,1238.23,1177.65,,,,,,,
BANK.JK,channel down,breakout,29.39,0.81,815.76,855.89,,,,,,,
BAPA.JK,multiple bottoms,topping,1.15,1.12,50.0,49.57,,,,,,,
BAPI.JK,channel down,breakout,0.73,0.27,8.92,10.08,,,,,,,
BATA.JK,multiple tops,topping,1.69,0.09,50.0,51.71,,,,,,,
BATR.JK,channel down,breakout,6.16,0.56,69.5,79.95,,,,,,,
BAUT.JK,channel down,breakout,1.06,4.93,18.0,20.36,,,,,,,
BAYU.JK,channel up,basing,47.66,0.47,1423.75,1429.4,,,,,,,
BBCA.JK,channel up,breakout,212.25,0.63,9454.28,9207.74,,,,,,,
BBHI.JK,channel down,topping,27.51,0.25,779.38,769.18,,,,,,,
BBKP.JK,channel down,topping,3.32,0.89,73.0,71.09,,,,,,,
BBLD.JK,channel up,breakout,47.92,0.14,650.0,722.64,,,,,,,
BBMD.JK,channel down,basing,66.31,0.15,2192.02,2254.0,,,,,,,
BBNI.JK,channel up,breakout,143.81,0.41,4178.9,4370.52,,,,,,,
BBRI.JK,channel down,breakout,121.69,0.22,4132.98,4124.86,,,,,,,
BBRM.JK,channel up,topping,2.58,0.43,74.6,76.11,,,,,,,
BBSI.JK,multiple tops,basing,89.26,17.08,3963.41,4028.16,,,,,,,
BBSS.JK,channel up,breakout,23.23,0.41,241.49,258.14,,,,,,,
BBTN.JK,channel down,breakout,47.61,0.5,1236.66,1288.88,,,,,,,
BBYB.JK,channel down,topping,14.69,0.51,307.46,329.64,,,,,,,
BCAP.JK,multiple tops,basing,5.02,4.17,66.25,81.8,,,,,,,
BCIC.JK,sideways,basing,0.09,,170.0,170.0,,,,,,,
BCIP.JK,channel down,breakout,1.67,1.46,50.0,56.0,,,,,,,
BDKR.JK,channel down,breakout,7.72,0.51,135.38,132.73,,,,,,,
BDMN.JK,channel down,topping,45.16,0.33,2436.77,2463.84,,,,,,,
BEBS.JK,sideways,basing,0.01,0.0,5.0,5.0,,,,,,,
BEEF.JK,channel up,breakout,16.46,0.98,248.15,296.83,,,,,,,
BEER.JK,channel down,breakout,7.88,0.32,69.58,73.01,,,,,,,
BEKS.JK,channel down,topping,0.8,0.12,26.14,29.0,,,,,,,
BELI.JK,channel down,basing,7.66,0.19,397.13,397.79,,,,,,,
BELL.JK,multiple tops,basing,3.45,0.17,52.44,55.05,,,,,,,
BESS.JK,channel up,topping,137.9,0.63,1468.16,1678.08,,,,,,,
BEST.JK,channel down,topping,3.78,0.86,95.61,97.68,,,,,,,
BFIN.JK,channel down,breakout,34.71,0.67,872.29,944.59,,,,,,,
BGTG.JK,channel down,basing,3.16,0.55,88.03,87.99,,,,,,,
BHAT.JK,channel down,basing,16.88,0.52,626.35,633.0,,,,,,,
BHIT.JK,channel down,breakout,0.95,0.18,26.9,32.53,,,,,,,
BIKA.JK,sideways,basing,0.0,,55.0,55.0,,,,,,,
BIKE.JK,channel up,breakout,19.14,0.47,571.65,619.21,,,,,,,
BIMA.JK,channel down,breakout,2.09,0.02,29.52,35.35,,,,,,,
BINA.JK,multiple tops,basing,75.25,1.03,4282.27,4352.41,,,,,,,
BINO.JK,channel up,topping,5.56,0.25,114.89,117.43,,,,,,,
BIPI.JK,channel down,topping,4.03,0.56,81.56,85.74,,,,,,,
BIPP.JK,channel down,basing,1.62,2.21,34.28,39.48,,,,,,,
BIRD.JK,channel up,breakout,56.15,1.11,1912.09,1918.16,,,,,,,
BISI.JK,channel down,topping,32.35,1.03,951.37,1002.28,,,,,,,
BJBR.JK,channel down,breakout,21.9,0.61,862.96,894.23,,,,,,,
BJTM.JK,channel down,breakout,13.87,0.58,533.43,562.06,,,,,,,
BKSL.JK,channel up,breakout,7.6,0.48,122.02,127.35,,,,,,,
BKSW.JK,channel down,breakout,3.87,6.57,63.22,66.67,,,,,,,
BLES.JK,channel down,breakout,7.27,0.64,182.0,190.2,,,,,,,
BLTA.JK,multiple bottoms,basing,0.67,0.81,19.0,20.96,,,,,,,
BLUE.JK,channel up,topping,11.88,0.12,327.14,330.76,,,,,,,
BMAS.JK,channel down,basing,0.98,0.57,460.0,484.0,,,,,,,
BMBL.JK,channel down,breakout,1.47,1.72,15.16,18.64,,,,,,,
BMHS.JK,channel down,basing,11.44,0.24,250.21,252.76,,,,,,,
BMRI.JK,channel up,breakout,184.18,0.2,4875.39,5302.49,,,,,,,
BMSR.JK,channel down,topping,13.29,0.58,249.73,246.36,,,,,,,
BMTR.JK,channel down,breakout,6.42,0.85,142.81,152.22,,,,,,,
BNBA.JK,channel down,topping,34.22,0.67,845.81,884.3,,,,,,,
BNBR.JK,channel down,basing,0.7,1.14,31.52,32.91,,,,,,,
BNGA.JK,channel up,breakout,37.02,0.54,1765.02,1855.91,,,,,,,
BNII.JK,channel down,topping,5.93,0.87,210.02,216.31,,,,,,,
BNLI.JK,channel up,breakdown,103.6,0.12,2172.2,2273.82,,,,,,,
BOAT.JK,channel down,topping,8.28,0.21,115.35,119.03,,,,,,,
BOBA.JK,multiple bottoms,topping,7.86,0.42,156.54,164.66,,,,,,,
BOGA.JK,channel down,topping,24.16,0.22,566.25,576.62,,,,,,,
BOLT.JK,channel up,topping,18.66,0.22,1162.86,1131.77,,,,,,,
BPFI.JK,channel down,breakout,35.89,0.37,440.98,455.01,,,,,,,
BPTR.JK,channel down,basing,5.09,0.45,73.75,77.04,,,,,,,
BRAM.JK,channel down,basing,106.77,0.57,5895.43,5872.7,,,,,,,
BREN.JK,channel up,breakout,361.03,1.2,6748.95,6688.07,,,,,,,
BRIS.JK,channel up,topping,105.16,0.32,2980.24,3107.97,,,,,,,
BRMS.JK,channel up,basing,17.72,0.42,392.94,430.35,,,,,,,
BRNA.JK,multiple tops,basing,15.01,0.01,672.64,700.0,,,,,,,
BRPT.JK,channel up,breakout,41.06,1.98,891.38,895.37,,,,,,,
BRRC.JK,multiple bottoms,topping,3.06,0.07,51.32,55.62,,,,,,,
BSBK.JK,multiple bottoms,topping,1.4,0.26,50.0,53.0,,,,,,,
BSDE.JK,channel up,breakout,31.14,1.19,854.67,913.33,,,,,,,
BSIM.JK,channel up,breakdown,38.16,0.6,848.91,971.68,,,,,,,
BSML.JK,channel down,topping,3.78,0.02,72.54,70.1,,,,,,,
BSSR.JK,channel up,breakout,81.77,0.91,4238.8,4384.51,,,,,,,
BSWD.JK,channel up,breakdown,27.67,5.73,1555.0,1945.0,,,,,,,
BTEK.JK,channel down,breakout,0.69,1.77,4.57,6.85,,,,,,,
BTON.JK,channel up,basing,12.81,0.14,410.15,439.03,,,,,,,
BTPN.JK,channel down,basing,66.86,0.52,2238.07,2338.0,,,,,,,
BTPS.JK,channel down,topping,52.64,0.31,1357.69,1381.92,,,,,,,
BUAH.JK,multiple bottoms,basing,35.96,0.38,1746.96,1794.95,,,,,,,
BUDI.JK,channel up,topping,6.28,2.59,210.31,213.77,,,,,,,
BUKA.JK,channel down,breakdown,6.07,0.25,141.94,161.61,,,,,,,
BUKK.JK,channel down,topping,22.24,0.52,872.2,867.25,,,,,,,
BULL.JK,channel down,basing,5.97,0.89,115.72,120.45,,,,,,,
BUMI.JK,channel down,breakout,6.16,0.67,126.75,130.91,,,,,,,
BUVA.JK,channel up,basing,4.36,0.15,65.78,67.82,,,,,,,
BVIC.JK,channel down,topping,3.27,0.6,84.91,86.03,,,,,,,
BWPT.JK,channel down,basing,2.51,0.15,60.66,64.44,,,,,,,
BYAN.JK,multiple tops,basing,331.82,0.13,20900.91,20087.73,,,,,,,
CAKK.JK,channel down,topping,5.05,1.07,146.34,145.49,,,,,,,
CAMP.JK,channel down,topping,11.22,0.66,198.5,218.44,,,,,,,
CANI.JK,channel down,topping,1.8,0.08,30.1,27.52,,,,,,,
CARE.JK,channel down,breakout,9.12,0.45,210.81,211.71,,,,,,,
CARS.JK,channel up,basing,2.19,0.1,89.86,88.61,,,,,,,
CASA.JK,channel down,topping,35.0,0.46,870.14,886.58,,,,,,,
CASH.JK,channel down,breakout,4.2,0.41,56.92,63.3,,,,,,,
CASS.JK,multiple tops,basing,116.5,0.52,1940.08,1985.03,,,,,,,
CBDK.JK,channel down,breakdown,391.72,0.42,7468.16,7612.08,,,,,,,
CBPE.JK,channel up,topping,9.34,0.41,186.31,197.15,,,,,,,
CBRE.JK,channel down,topping,0.83,0.82,28.69,28.75,,,,,,,
CBUT.JK,channel down,basing,60.58,1.6,969.36,1021.69,,,,,,,
CCSI.JK,channel down,topping,25.01,0.11,373.61,368.38,,,,,,,
CEKA.JK,channel down,topping,83.63,1.31,2570.86,2647.22,,,,,,,
CENT.JK,channel down,breakdown,11.08,0.2,114.58,167.45,,,,,,,
CFIN.JK,channel up,topping,12.1,1.04,322.4,330.29,,,,,,,
CGAS.JK,channel down,basing,5.36,0.23,97.74,124.0,,,,,,,
CHEM.JK,channel down,breakout,3.2,0.13,53.96,54.5,,,,,,,
CHIP.JK,symmetrical wedge,basing,22.81,0.62,1413.47,1386.97,,,,,,,
CINT.JK,channel down,basing,13.25,0.68,203.83,204.96,,,,,,,
CITA.JK,channel down,topping,194.09,0.78,4244.32,4624.7,,,,,,,
CITY.JK,channel down,topping,7.3,2.49,98.34,104.16,,,,,,,
CLAY.JK,channel down,breakout,33.83,0.48,760.0,930.0,,,,,,,
CLEO.JK,channel up,breakout,69.22,0.32,1305.63,1382.29,,,,,,,
CLPI.JK,channel up,topping,25.13,0.39,1301.71,1303.46,,,,,,,
CMNP.JK,channel down,basing,89.88,0.52,1404.46,1227.2,,,,,,,
CMNT.JK,multiple bottoms,topping,27.81,0.91,855.69,903.04,,,,,,,
CMPP.JK,channel down,basing,1.16,1.42,70.0,81.69,,,,,,,
CMRY.JK,channel up,breakout,166.58,1.39,4455.68,4799.9,,,,,,,
CNKO.JK,channel down,breakdown,1.45,0.2,35.1,34.78,,,,,,,
CNMA.JK,channel down,basing,8.58,0.3,169.72,175.11,,,,,,,
CNTB.JK,sideways,basing,0.0,,250.0,250.0,,,,,,,
CNTX.JK,sideways,basing,0.0,,142.0,142.0,,,,,,,
COAL.JK,channel down,topping,0.78,1.28,39.0,42.21,,,,,,,
COCO.JK,channel down,breakout,10.74,11.12,70.05,75.3,,,,,,,
COWL.JK,sideways,basing,0.0,,50.0,50.0,,,,,,,
CPIN.JK,channel down,topping,146.74,0.18,4962.97,4999.67,,,,,,,
CPRI.JK,sideways,basing,0.0,,50.0,50.0,,,,,,,
CPRO.JK,multiple tops,topping,1.71,0.75,50.0,52.8,,,,,,,
CRAB.JK,channel up,topping,4.78,0.23,250.37,251.57,,,,,,,
CRSN.JK,channel down,basing,7.69,1.24,116.51,120.99,,,,,,,
CSAP.JK,channel down,breakdown,13.26,1.29,274.16,313.11,,,,,,,
CSIS.JK,channel down,breakdown,5.81,0.03,70.41,81.94,,,,,,,
CSMI.JK,channel down,breakout,92.28,1.31,2342.22,1060.0,,,,,,,
CSRA.JK,symmetrical wedge,basing,27.12,0.76,633.13,664.47,,,,,,,
CTBN.JK,channel up,basing,284.84,2.19,4625.08,6618.75,,,,,,,
CTRA.JK,channel up,topping,37.33,0.21,1036.54,1055.66,,,,,,,
CTTH.JK,channel down,topping,0.91,0.25,23.83,24.66,,,,,,,
CUAN.JK,channel up,breakout,687.54,3.09,10092.44,10491.63,,,,,,,
CYBR.JK,channel up,topping,70.96,0.56,1098.07,1249.48,,,,,,,
DAAZ.JK,channel down,breakout,256.03,0.66,4717.28,5436.27,,,,,,,
DADA.JK,multiple bottoms,topping,0.7,1.77,7.0,9.4,,,,,,,
DART.JK,channel down,topping,9.31,1.03,138.4,150.74,,,,,,,
DATA.JK,channel up,breakout,102.69,0.35,1502.42,1608.12,,,,,,,
DAYA.JK,channel up,breakdown,151.37,1.54,1495.0,1366.17,,,,,,,
DCII.JK,channel up,basing,5291.18,0.11,160341.09,160305.41,,,,,,,
DEAL.JK,sideways,basing,0.0,,6.0,6.0,,,,,,,
DEFI.JK,sideways,basing,0.0,0.0,1455.0,1455.0,,,,,,,
DEPO.JK,channel down,basing,9.22,0.08,240.66,239.06,,,,,,,
DEWA.JK,channel up,breakout,10.33,0.6,166.14,173.92,,,,,,,
DEWI.JK,channel down,topping,2.88,0.52,89.16,95.91,,,,,,,
DFAM.JK,channel down,topping,0.72,0.15,50.0,51.0,,,,,,,
DGIK.JK,channel down,basing,2.6,0.61,67.99,70.18,,,,,,,
DGNS.JK,channel down,breakout,10.41,0.3,187.68,203.28,,,,,,,
DGWG.JK,channel up,topping,24.56,0.4,493.83,502.43,,,,,,,
DIGI.JK,multiple tops,breakdown,0.74,0.07,16.0,17.0,,,,,,,
DILD.JK,channel down,topping,6.13,1.12,154.98,180.37,,,,,,,
DIVA.JK,channel down,topping,7.48,0.15,106.58,116.56,,,,,,,
DKFT.JK,channel up,topping,25.49,0.55,386.29,399.73,,,,,,,
DKHH.JK,insufficient data,unknown,,,,,,,,,,,
DLTA.JK,channel down,topping,54.2,3.06,2270.59,2236.08,,,,,,,
DMAS.JK,channel down,topping,6.08,1.13,160.85,207.54,,,,,,,
DMMX.JK,channel down,basing,16.46,0.12,440.38,429.04,,,,,,,
DMND.JK,multiple tops,basing,5.73,0.01,748.0,805.0,,,,,,,
DNAR.JK,channel down,breakout,9.68,2.0,119.11,124.04,,,,,,,
DNET.JK,channel up,basing,489.45,0.71,10079.75,10467.98,,,,,,,
DOID.JK,channel up,topping,26.73,0.98,510.98,534.99,,,,,,,
DOOH.JK,channel down,basing,8.44,0.22,120.32,131.57,,,,,,,
DOSS.JK,channel down,topping,11.26,0.34,170.75,177.46,,,,,,,
DPNS.JK,channel down,topping,11.53,0.2,265.34,274.68,,,,,,,
DPUM.JK,multiple tops,basing,1.12,0.3,50.0,51.0,,,,,,,
DRMA.JK,channel up,breakout,30.26,0.51,1010.9,1033.27,,,,,,,
DSFI.JK,channel down,basing,2.29,0.15,55.79,58.6,,,,,,,
DSNG.JK,channel up,topping,29.68,1.31,814.13,818.58,,,,,,,
DSSA.JK,channel up,topping,2331.64,0.93,50585.78,50798.07,,,,,,,
DUTI.JK,channel down,breakout,39.43,0.43,3260.0,3800.0,,,,,,,
DVLA.JK,channel down,topping,31.0,0.36,1792.09,1824.07,,,,,,,
DWGL.JK,channel down,breakout,28.47,0.44,272.98,285.8,,,,,,,
DYAN.JK,channel up,topping,3.87,0.09,90.48,88.1,,,,,,,
EAST.JK,channel up,topping,2.49,0.4,101.04,100.67,,,,,,,
ECII.JK,channel down,topping,11.57,0.13,200.12,177.37,,,,,,,
EDGE.JK,channel up,basing,197.36,0.14,4109.62,4069.36,,,,,,,
EKAD.JK,channel down,topping,4.76,0.14,196.59,197.48,,,,,,,
ELIT.JK,channel down,topping,11.52,0.05,206.26,205.57,,,,,,,
ELPI.JK,multiple bottoms,basing,9.61,0.08,352.56,354.63,,,,,,,
ELSA.JK,channel up,breakout,16.94,1.48,511.39,520.79,,,,,,,
ELTY.JK,channel down,breakdown,0.57,2.26,9.5,10.24,,,,,,,
EMDE.JK,channel down,topping,4.69,1.18,104.4,98.02,,,,,,,
EMTK.JK,channel down,basing,28.04,1.01,578.88,583.07,,,,,,,
ENAK.JK,channel down,basing,27.47,0.53,798.0,804.17,,,,,,,
ENRG.JK,channel down,breakout,9.11,0.42,223.75,228.69,,,,,,,
ENZO.JK,channel down,breakout,1.56,3.69,33.35,48.75,,,,,,,
EPAC.JK,multiple tops,breakout,0.55,2.66,8.76,10.0,,,,,,,
EPMT.JK,channel down,topping,45.64,0.37,2421.96,2458.55,,,,,,,
ERAA.JK,channel down,basing,26.22,0.91,536.66,564.19,,,,,,,
ERAL.JK,channel down,breakout,14.37,4.05,285.29,294.86,,,,,,,
ERTX.JK,channel down,breakout,8.9,9.86,94.38,123.62,,,,,,,
ESIP.JK,channel down,basing,1.91,0.83,29.69,48.0,,,,,,,
ESSA.JK,channel down,breakout,36.44,6.2,586.69,667.33,,,,,,,
ESTA.JK,channel down,basing,2.49,0.03,60.74,67.77,,,,,,,
ESTI.JK,channel down,breakout,0.43,1.55,37.77,39.8,,,,,,,
EURO.JK,channel down,basing,9.49,2.17,171.17,176.12,,,,,,,
EXCL.JK,channel down,topping,54.9,0.13,2076.96,2183.85,,,,,,,
FAST.JK,channel down,topping,15.05,1.93,155.38,174.02,,,,,,,
FILM.JK,channel up,topping,151.66,0.86,2971.34,2856.61,,,,,,,
FIRE.JK,channel down,breakout,5.48,1.07,76.56,86.77,,,,,,,
FITT.JK,channel down,breakout,23.16,0.11,174.62,262.79,,,,,,,
FLMC.JK,multiple tops,breakout,4.4,4.54,32.55,37.0,,,,,,,
FMII.JK,channel up,basing,37.69,0.01,416.12,457.51,,,,,,,
FOLK.JK,channel down,topping,1.9,5.67,50.0,52.0,,,,,,,
FOOD.JK,channel up,basing,2.86,0.03,103.25,111.61,,,,,,,
FORE.JK,insufficient data,breakout,25.88,,,,,,,,,,
FORU.JK,channel up,basing,185.33,0.11,2026.81,2574.67,,,,,,,
FPNI.JK,channel down,basing,8.05,0.19,195.67,198.48,,,,,,,
FUJI.JK,channel down,basing,23.13,0.03,330.12,358.97,,,,,,,
FUTR.JK,channel up,breakdown,6.67,0.13,97.86,97.33,,,,,,,
FWCT.JK,channel up,breakout,11.92,0.16,154.17,170.92,,,,,,,
GDST.JK,channel down,breakout,1.72,0.75,81.05,81.3,,,,,,,
GDYR.JK,symmetrical wedge,topping,53.01,0.26,1239.59,1243.6,,,,,,,
GEMA.JK,channel down,basing,8.32,1.37,87.19,82.07,,,,,,,
GEMS.JK,channel up,topping,340.37,2.07,9829.03,9818.46,,,,,,,
GGRM.JK,channel down,breakout,277.5,0.67,10043.21,9679.79,,,,,,,
GHON.JK,channel down,breakout,45.78,3.53,1577.14,1600.08,,,,,,,
GIAA.JK,channel down,breakout,1.18,5.2,36.6,36.81,,,,,,,
GJTL.JK,channel up,breakout,33.77,0.45,1155.43,1133.66,,,,,,,
GLOB.JK,channel down,breakdown,2.2,0.26,60.0,95.0,,,,,,,
GMFI.JK,channel down,breakout,1.17,3.26,45.5,51.36,,,,,,,
GMTD.JK,channel up,basing,131.21,3.34,3139.22,3086.04,,,,,,,
GOLD.JK,channel down,topping,8.49,0.43,250.97,256.56,,,,,,,
GOLF.JK,channel down,breakout,10.62,0.5,246.27,257.57,,,,,,,
GOOD.JK,channel down,topping,9.93,0.6,387.76,400.01,,,,,,,
GOTO.JK,channel down,breakdown,3.97,0.67,94.39,85.36,,,,,,,
GPRA.JK,channel down,breakout,5.9,0.73,121.0,134.33,,,,,,,
GPSO.JK,channel up,breakout,33.02,0.04,389.34,440.13,,,,,,,
GRIA.JK,channel up,topping,3.51,0.01,88.94,92.87,,,,,,,
GRPH.JK,sideways,basing,0.42,10.9,50.0,50.0,,,,,,,
GRPM.JK,channel down,breakout,4.44,0.29,53.53,65.34,,,,,,,
GSMF.JK,multiple bottoms,basing,1.72,0.04,53.33,56.01,,,,,,,
GTBO.JK,channel up,basing,8.99,0.21,133.09,139.77,,,,,,,
GTRA.JK,channel down,basing,9.24,0.34,128.22,142.09,,,,,,,
GTSI.JK,channel down,basing,1.54,0.14,43.54,47.89,,,,,,,
GULA.JK,channel up,basing,12.1,0.23,311.62,324.08,,,,,,,
GUNA.JK,multiple bottoms,topping,14.48,0.33,247.43,336.76,,,,,,,
GWSA.JK,channel down,basing,3.11,0.4,123.76,125.74,,,,,,,
GZCO.JK,channel down,breakout,4.5,1.63,99.66,100.68,,,,,,,
HADE.JK,multiple bottoms,breakout,0.82,1.09,6.0,6.12,,,,,,,
HAIS.JK,channel down,topping,4.01,1.06,195.06,191.1,,,,,,,
HAJJ.JK,channel down,topping,21.38,3.82,261.17,277.08,,,,,,,
HALO.JK,channel down,basing,1.83,0.23,52.75,53.9,,,,,,,
HATM.JK,channel down,topping,6.97,0.52,253.19,262.3,,,,,,,
HBAT.JK,channel down,breakout,3.96,8.69,39.31,46.32,,,,,,,
HDFA.JK,channel down,basing,4.44,0.0,106.3,106.9,,,,,,,
HDIT.JK,channel down,basing,0.57,2.57,18.35,18.96,,,,,,,
HEAL.JK,channel down,topping,52.0,0.16,1369.0,1410.02,,,,,,,
HELI.JK,channel up,breakout,24.94,0.23,252.59,328.71,,,,,,,
HERO.JK,multiple bottoms,topping,22.28,0.08,379.51,424.0,,,,,,,
HEXA.JK,channel down,breakout,98.05,1.31,5066.44,4988.61,,,,,,,
HGII.JK,channel down,basing,4.98,0.11,192.48,184.34,,,,,,,
HILL.JK,channel down,basing,9.38,0.03,285.23,293.2,,,,,,,
HMSP.JK,channel down,topping,17.14,0.43,664.03,707.23,,,,,,,
HOKI.JK,channel down,topping,4.54,0.5,99.73,102.48,,,,,,,
HOMI.JK,channel down,breakdown,20.94,0.12,174.37,203.51,,,,,,,
HOPE.JK,channel down,breakdown,1.9,0.13,44.43,42.13,,,,,,,
HOTL.JK,sideways,basing,0.0,,50.0,50.0,,,,,,,
HRME.JK,channel down,breakout,1.08,0.11,26.96,31.77,,,,,,,
HRTA.JK,channel up,breakdown,47.75,0.53,615.62,692.84,,,,,,,
HRUM.JK,channel down,topping,43.83,0.67,851.76,867.68,,,,,,,
HUMI.JK,channel down,topping,2.55,0.77,56.0,62.0,,,,,,,
HYGN.JK,channel down,topping,5.23,0.32,130.95,131.1,,,,,,,
IATA.JK,channel down,basing,0.96,0.12,48.56,47.84,,,,,,,
IBFN.JK,channel down,breakout,0.69,0.75,11.75,11.81,,,,,,,
IBOS.JK,multiple bottoms,basing,1.7,1.71,29.0,28.73,,,,,,,
IBST.JK,channel down,breakdown,70.35,0.78,4930.0,7007.69,,,,,,,
ICBP.JK,channel up,basing,345.01,0.54,11508.92,11730.22,,,,,,,
ICON.JK,multiple tops,breakout,1.12,1.06,34.33,36.0,,,,,,,
IDEA.JK,channel down,topping,2.63,0.05,41.54,42.74,,,,,,,
IDPR.JK,channel down,breakout,14.96,6.93,178.04,199.73,,,,,,,
IFII.JK,channel up,basing,18.0,0.09,236.16,311.06,,,,,,,
IFSH.JK,channel down,basing,50.01,0.18,812.63,829.05,,,,,,,
IGAR.JK,channel up,topping,14.86,0.0,544.99,550.05,,,,,,,
IIKP.JK,sideways,basing,0.0,,50.0,50.0,,,,,,,
IKAI.JK,multiple bottoms,topping,0.74,1.26,7.0,9.03,,,,,,,
IKAN.JK,channel down,breakdown,10.79,0.72,59.2,84.74,,,,,,,
IKBI.JK,channel up,breakout,12.96,1.76,380.15,396.26,,,,,,,
IKPM.JK,channel up,basing,13.54,0.06,237.32,252.36,,,,,,,
IMAS.JK,channel up,topping,40.35,0.08,932.02,950.13,,,,,,,
IMJS.JK,channel down,breakout,9.07,0.14,191.3,193.62,,,,,,,
IMPC.JK,symmetrical wedge,basing,16.17,0.86,336.53,343.28,,,,,,,
INAF.JK,sideways,basing,0.0,,126.0,126.0,,,,,,,
INAI.JK,channel down,topping,16.91,0.22,156.81,189.48,,,,,,,
INCF.JK,channel down,basing,1.43,0.02,26.34,34.68,,,,,,,
INCI.JK,channel down,topping,19.48,1.11,625.42,646.89,,,,,,,
INCO.JK,channel down,topping,135.89,0.36,3026.06,3048.82,,,,,,,
INDF.JK,channel up,topping,274.94,0.32,8011.58,8614.29,,,,,,,
INDO.JK,channel up,basing,10.22,0.22,161.6,193.72,,,,,,,
INDR.JK,channel down,basing,118.43,0.3,2441.88,2491.13,,,,,,,
INDS.JK,channel up,breakout,9.91,1.88,241.26,237.97,,,,,,,
INDX.JK,channel down,topping,3.61,0.09,69.0,69.87,,,,,,,
INDY.JK,channel down,topping,77.6,0.64,1636.01,1605.45,,,,,,,
INET.JK,channel down,breakdown,8.88,0.15,174.75,247.39,,,,,,,
INKP.JK,channel down,breakout,261.94,0.47,5835.71,6185.18,,,,,,,
INOV.JK,channel down,topping,4.4,0.27,94.32,99.2,,,,,,,
INPC.JK,channel up,basing,13.12,0.4,205.44,204.79,,,,,,,
INPP.JK,channel up,basing,28.89,0.01,895.0,900.0,,,,,,,
INPS.JK,channel down,topping,3.38,0.07,103.87,104.9,,,,,,,
INRU.JK,channel down,topping,24.57,0.36,403.5,409.35,,,,,,,
INTA.JK,multiple tops,breakout,0.41,6.5,11.51,12.0,,,,,,,
INTD.JK,channel down,topping,10.1,0.0,193.84,188.65,,,,,,,
INTP.JK,channel down,breakout,243.7,0.68,5225.56,5376.0,,,,,,,
IOTF.JK,channel up,breakout,14.74,0.14,193.5,200.67,,,,,,,
IPAC.JK,channel down,breakout,7.92,0.0,126.07,119.94,,,,,,,
IPCC.JK,channel up,topping,43.56,0.44,1109.58,1121.85,,,,,,,
IPCM.JK,channel down,topping,6.5,0.92,293.02,293.3,,,,,,,
IPOL.JK,channel down,topping,5.74,0.08,116.45,115.47,,,,,,,
IPTV.JK,channel down,breakout,1.07,4.28,21.61,25.23,,,,,,,
IRRA.JK,channel down,breakout,12.85,3.09,427.0,430.13,,,,,,,
IRSX.JK,channel down,breakout,1.49,0.53,26.88,29.52,,,,,,,
ISAP.JK,channel down,topping,1.16,0.8,11.41,12.81,,,,,,,
ISAT.JK,channel up,breakout,104.06,0.31,2039.58,2177.98,,,,,,,
ISEA.JK,channel down,basing,6.15,0.29,70.67,77.19,,,,,,,
ISSP.JK,channel up,topping,9.81,0.89,297.71,304.35,,,,,,,
ITIC.JK,channel down,basing,8.16,0.42,236.22,239.51,,,,,,,
ITMA.JK,channel up,topping,70.59,0.45,818.41,886.72,,,,,,,
ITMG.JK,channel down,topping,422.22,0.72,21917.54,22427.57,,,,,,,
JARR.JK,channel up,breakout,18.97,1.48,395.74,410.57,,,,,,,
JAST.JK,channel down,breakout,3.11,0.49,60.31,61.12,,,,,,,
JATI.JK,channel down,breakout,6.63,0.0,50.0,180.0,,,,,,,
JAWA.JK,channel down,breakout,9.1,7.39,106.21,108.74,,,,,,,
JAYA.JK,channel down,topping,2.83,0.21,92.33,92.48,,,,,,,
JECC.JK,channel down,basing,59.89,0.55,882.68,877.03,,,,,,,
JGLE.JK,channel down,basing,0.8,0.12,8.66,9.1,,,,,,,
JIHD.JK,channel up,basing,58.69,0.25,789.63,873.86,,,,,,,
JKON.JK,channel down,topping,3.12,0.64,75.42,75.32,,,,,,,
JKSW.JK,sideways,basing,0.0,,60.0,60.0,,,,,,,
JMAS.JK,channel up,topping,7.87,0.64,131.05,133.37,,,,,,,
JPFA.JK,channel up,topping,67.28,0.29,1705.25,1803.67,,,,,,,
JRPT.JK,multiple tops,topping,14.53,0.83,700.0,724.17,,,,,,,
JSKY.JK,sideways,basing,0.0,,52.0,52.0,,,,,,,
JSMR.JK,channel up,basing,147.63,1.83,4179.91,4308.21,,,,,,,
JSPT.JK,channel up,topping,541.53,0.07,5890.65,5830.84,,,,,,,
JTPE.JK,channel down,topping,4.24,0.35,239.14,240.79,,,,,,,
KAEF.JK,channel down,breakout,23.98,10.94,466.4,480.41,,,,,,,
KAQI.JK,sideways,basing,1.99,,50.0,50.0,,,,,,,
KARW.JK,channel up,breakout,77.51,0.44,1402.65,1768.65,,,,,,,
KAYU.JK,sideways,basing,0.0,,18.0,18.0,,,,,,,
KBAG.JK,channel down,basing,0.78,0.14,32.31,33.15,,,,,,,
KBLI.JK,channel up,basing,8.26,0.13,396.77,397.25,,,,,,,
KBLM.JK,channel up,topping,11.14,0.42,306.67,308.45,,,,,,,
KBLV.JK,channel down,breakdown,12.49,9.24,73.45,85.21,,,,,,,
KBRI.JK,sideways,basing,0.0,,50.0,50.0,,,,,,,
KDSI.JK,channel up,basing,17.51,0.46,452.06,453.28,,,,,,,
KDTN.JK,channel down,topping,3.88,0.01,119.32,121.86,,,,,,,
KEEN.JK,channel up,topping,36.66,0.39,920.54,918.66,,,,,,,
KEJU.JK,channel up,basing,33.24,0.32,635.93,617.14,,,,,,,
KETR.JK,channel down,basing,13.18,1.18,188.43,217.76,,,,,,,
KIAS.JK,multiple bottoms,basing,0.55,1.11,17.0,18.0,,,,,,,
KICI.JK,multiple tops,topping,4.32,0.63,112.65,112.51,,,,,,,
KIJA.JK,channel up,topping,5.35,0.82,181.7,179.76,,,,,,,
KING.JK,channel down,basing,6.26,0.01,205.12,209.51,,,,,,,
KINO.JK,multiple tops,topping,37.28,0.71,1123.76,1122.14,,,,,,,
KIOS.JK,channel down,breakout,1.48,8.13,50.0,53.0,,,,,,,
KJEN.JK,channel down,breakout,9.75,0.06,136.11,136.89,,,,,,,
KKES.JK,multiple tops,breakout,0.81,0.3,15.0,25.0,,,,,,,
KKGI.JK,channel down,breakout,13.76,0.69,379.4,412.98,,,,,,,
KLAS.JK,channel up,topping,6.62,0.74,132.89,144.63,,,,,,,
KLBF.JK,channel down,topping,62.29,0.34,1502.56,1565.44,,,,,,,
KLIN.JK,channel up,basing,4.95,0.13,171.7,174.16,,,,,,,
KMDS.JK,channel up,breakout,31.51,0.14,617.09,640.31,,,,,,,
KMTR.JK,channel up,breakout,22.63,3.87,276.56,282.78,,,,,,,
KOBX.JK,channel down,basing,11.02,0.32,160.46,169.11,,,,,,,
KOCI.JK,channel down,breakout,2.89,0.96,50.0,55.0,,,,,,,
KOIN.JK,sideways,basing,0.05,0.03,65.0,65.0,,,,,,,
KOKA.JK,channel up,breakout,5.81,0.44,81.81,85.44,,,,,,,
KONI.JK,channel down,topping,126.75,0.17,1388.48,1814.17,,,,,,,
KOPI.JK,channel up,breakdown,40.94,0.58,971.94,881.4,,,,,,,
KOTA.JK,channel down,topping,0.76,0.54,9.61,11.73,,,,,,,
KPAL.JK,sideways,basing,0.0,,50.0,50.0,,,,,,,
KPAS.JK,sideways,basing,0.0,,62.0,62.0,,,,,,,
KPIG.JK,channel up,basing,5.88,0.05,129.91,129.87,,,,,,,
KRAH.JK,sideways,basing,0.0,,436.0,436.0,,,,,,,
KRAS.JK,channel down,topping,6.35,0.3,132.7,133.27,,,,,,,
KREN.JK,channel down,basing,0.56,0.05,7.62,10.06,,,,,,,
KRYA.JK,channel down,basing,7.47,0.0,71.13,72.38,,,,,,,
KSIX.JK,channel down,basing,10.88,0.09,200.36,201.67,,,,,,,
KUAS.JK,multiple bottoms,topping,1.69,0.28,50.78,52.87,,,,,,,
LABA.JK,channel up,breakdown,11.98,0.28,174.8,172.21,,,,,,,
LABS.JK,channel down,topping,3.08,0.41,125.8,129.17,,,,,,,
LAJU.JK,channel down,breakout,1.26,49.69,50.0,61.0,,,,,,,
LAND.JK,channel down,breakout,1.36,5.12,24.36,25.48,,,,,,,
LAPD.JK,channel down,breakout,1.74,9.85,31.0,42.0,,,,,,,
LCGP.JK,sideways,basing,0.0,,114.0,114.0,,,,,,,
LCKM.JK,channel down,breakdown,12.1,0.18,199.86,207.88,,,,,,,
LEAD.JK,channel up,breakdown,5.54,0.38,95.8,99.88,,,,,,,
LIFE.JK,channel up,basing,310.69,0.05,6140.0,6260.03,,,,,,,
LINK.JK,channel down,breakdown,54.59,0.06,1353.33,1763.64,,,,,,,
LION.JK,channel down,topping,25.49,0.05,447.57,436.11,,,,,,,
LIVE.JK,channel down,topping,9.94,0.24,143.66,147.38,,,,,,,
LMAX.JK,channel down,breakout,4.17,5.69,44.66,54.7,,,,,,,
LMPI.JK,channel down,breakout,17.86,0.12,132.33,154.02,,,,,,,
LPCK.JK,channel down,topping,20.35,0.97,521.5,545.36,,,,,,,
LPGI.JK,channel down,breakout,44.86,1.79,438.68,489.1,,,,,,,
LPIN.JK,channel down,breakout,13.25,0.59,369.55,394.02,,,,,,,
LPKR.JK,channel down,breakout,4.32,0.8,90.89,98.4,,,,,,,
LPLI.JK,channel down,topping,12.96,0.25,310.18,304.05,,,,,,,
LPPF.JK,channel down,topping,75.7,0.36,1903.49,1967.86,,,,,,,
LPPS.JK,channel down,basing,2.96,0.23,59.35,59.14,,,,,,,
LRNA.JK,channel down,basing,8.68,0.08,136.5,145.21,,,,,,,
LSIP.JK,channel down,topping,40.33,0.53,1228.0,1276.37,,,,,,,
LTLS.JK,channel down,topping,27.4,1.54,966.05,988.51,,,,,,,
LUCK.JK,channel down,topping,4.86,0.59,74.54,77.56,,,,,,,
LUCY.JK,channel down,breakdown,6.69,0.28,148.33,148.87,,,,,,,
MAHA.JK,multiple bottoms,topping,5.11,0.64,161.51,179.79,,,,,,,
MAIN.JK,channel up,topping,25.09,0.18,725.4,726.51,,,,,,,
MANG.JK,channel down,breakout,2.54,0.19,32.57,35.95,,,,,,,
MAPA.JK,channel up,breakdown,41.23,0.72,782.66,743.12,,,,,,,
MAPB.JK,channel down,topping,14.59,3.04,1015.0,1289.29,,,,,,,
MAPI.JK,channel up,basing,61.31,0.38,1433.51,1359.59,,,,,,,
MARI.JK,sideways,basing,0.0,6.97,50.0,50.0,,,,,,,
MARK.JK,channel up,topping,28.86,0.29,790.18,809.81,,,,,,,
MASB.JK,channel down,topping,33.89,0.11,3230.0,3400.0,,,,,,,
MAXI.JK,multiple tops,basing,1.39,0.53,50.0,51.0,,,,,,,
MBAP.JK,channel down,breakout,90.09,0.89,1987.23,2117.14,,,,,,,
MBMA.JK,channel down,breakout,21.94,0.69,367.43,372.8,,,,,,,
MBTO.JK,channel down,topping,4.41,0.51,76.48,74.87,,,,,,,
MCAS.JK,channel down,breakout,61.65,0.19,1426.28,1530.73,,,,,,,
MCOL.JK,multiple tops,breakdown,118.07,0.6,4842.81,5074.35,,,,,,,
MCOR.JK,channel down,topping,2.53,0.41,72.44,72.38,,,,,,,
MDIA.JK,channel down,topping,1.26,0.0,24.36,27.09,,,,,,,
MDIY.JK,channel down,basing,60.69,0.09,1729.42,1667.07,,,,,,,
MDKA.JK,channel down,breakout,117.8,0.71,2018.43,2062.01,,,,,,,
MDKI.JK,channel down,topping,3.1,1.79,164.62,168.1,,,,,,,
MDLA.JK,insufficient data,breakout,8.11,,,,,,,,,,
MDLN.JK,channel down,topping,1.91,2.02,50.0,60.0,,,,,,,
MDRN.JK,multiple tops,topping,0.77,0.01,7.0,8.0,,,,,,,
MEDC.JK,channel up,topping,41.36,0.55,1143.21,1161.76,,,,,,,
MEDS.JK,sideways,basing,0.0,2.89,50.0,50.0,,,,,,,
MEGA.JK,channel down,topping,66.96,1.27,3550.41,3563.56,,,,,,,
MENN.JK,channel down,basing,2.64,0.27,41.35,41.63,,,,,,,
MERK.JK,channel down,topping,61.04,1.87,3723.76,3705.16,,,,,,,
MFIN.JK,channel up,topping,169.6,0.18,3855.88,4074.7,,,,,,,
MGLV.JK,channel down,breakout,10.85,1.49,125.74,144.11,,,,,,,
MGNA.JK,channel down,breakout,1.18,0.18,30.23,30.17,,,,,,,
MGRO.JK,channel down,basing,17.58,0.2,725.15,761.93,,,,,,,
MHKI.JK,channel down,topping,6.11,0.18,119.35,142.29,,,,,,,
MIDI.JK,channel up,basing,17.8,0.37,485.71,450.04,,,,,,,
MIKA.JK,channel down,basing,102.17,0.19,2612.73,2736.36,,,,,,,
MINA.JK,channel up,breakdown,9.74,0.4,103.79,98.17,,,,,,,
MINE.JK,channel up,topping,45.24,,541.76,569.91,,,,,,,
MIRA.JK,channel down,breakout,0.65,3.35,10.0,11.0,,,,,,,
MITI.JK,channel down,basing,9.49,0.61,163.34,167.48,,,,,,,
MKAP.JK,multiple bottoms,basing,4.86,0.06,251.33,329.43,,,,,,,
MKPI.JK,multiple tops,topping,547.41,0.81,24147.26,25293.58,,,,,,,
MKTR.JK,channel down,basing,3.82,2.3,111.78,115.04,,,,,,,
MLBI.JK,channel down,topping,107.82,0.14,6367.19,6300.0,,,,,,,
MLIA.JK,channel down,topping,5.8,0.62,277.31,277.46,,,,,,,
MLPL.JK,channel down,topping,5.6,0.17,113.46,114.28,,,,,,,
MLPT.JK,channel up,breakdown,1573.93,0.15,28856.25,32266.67,,,,,,,
MMIX.JK,channel down,topping,12.26,0.06,159.62,166.89,,,,,,,
MMLP.JK,channel down,basing,16.28,0.2,529.75,496.47,,,,,,,
MNCN.JK,channel down,topping,10.3,0.88,266.38,287.92,,,,,,,
MOLI.JK,channel down,basing,11.41,0.38,200.95,229.07,,,,,,,
MORA.JK,channel down,basing,19.53,0.06,439.39,435.62,,,,,,,
MPIX.JK,channel down,breakout,4.48,1.05,65.92,69.93,,,,,,,
MPMX.JK,channel down,topping,15.72,0.95,1056.82,1077.3,,,,,,,
MPOW.JK,channel down,basing,15.2,0.28,130.8,153.34,,,,,,,
MPPA.JK,multiple bottoms,basing,2.23,0.12,51.36,54.78,,,,,,,
MPRO.JK,multiple tops,topping,32.58,0.65,1999.09,2030.0,,,,,,,
MPXL.JK,channel down,basing,7.71,0.3,120.24,125.72,,,,,,,
MRAT.JK,channel down,basing,12.36,0.32,249.54,253.73,,,,,,,
MREI.JK,channel down,basing,55.45,3.94,774.49,741.65,,,,,,,
MSIE.JK,channel down,breakout,1.39,0.61,15.9,17.76,,,,,,,
MSIN.JK,channel down,topping,43.86,2.79,473.74,482.31,,,,,,,
MSJA.JK,channel down,topping,8.11,0.39,288.22,305.33,,,,,,,
MSKY.JK,channel down,topping,2.89,0.47,54.86,58.94,,,,,,,
MSTI.JK,channel up,basing,35.37,2.93,1450.8,1476.35,,,,,,,
MTDL.JK,multiple tops,topping,19.8,0.38,582.38,571.9,,,,,,,
MTEL.JK,channel down,breakout,23.31,0.47,654.15,675.06,,,,,,,
MTFN.JK,multiple tops,topping,0.51,0.5,4.0,5.0,,,,,,,
MTLA.JK,multiple bottoms,basing,10.81,0.07,428.67,425.21,,,,,,,
MTMH.JK,channel down,topping,30.38,0.63,928.0,953.4,,,,,,,
MTPS.JK,channel down,breakout,0.78,2.2,12.67,19.0,,,,,,,
MTWI.JK,channel up,topping,5.79,0.06,161.65,160.35,,,,,,,
MUTU.JK,channel down,topping,5.15,0.02,106.08,107.01,,,,,,,
MYOH.JK,channel up,basing,44.69,0.08,1729.53,1726.47,,,,,,,
MYOR.JK,channel up,topping,91.65,0.27,2385.5,2435.92,,,,,,,
NAIK.JK,channel up,breakdown,41.99,2.94,320.39,309.93,,,,,,,
NANO.JK,channel down,basing,2.05,0.71,27.2,27.21,,,,,,,
NASA.JK,multiple bottoms,topping,0.76,0.53,15.0,16.86,,,,,,,
NASI.JK,channel down,topping,4.53,0.19,85.06,89.75,,,,,,,
NATO.JK,channel down,topping,6.14,0.03,155.23,155.12,,,,,,,
NAYZ.JK,channel down,breakout,4.81,0.71,44.45,35.96,,,,,,,
NCKL.JK,channel down,topping,33.88,1.63,718.45,714.07,,,,,,,
NELY.JK,channel up,topping,12.73,0.48,364.0,464.93,,,,,,,
NEST.JK,channel up,breakdown,14.74,0.15,334.03,336.58,,,,,,,
NETV.JK,channel down,basing,12.22,0.18,166.78,189.32,,,,,,,
NFCX.JK,channel down,topping,136.44,0.07,1917.63,2019.56,,,,,,,
NICE.JK,channel down,breakout,20.4,3.63,323.51,331.17,,,,,,,
NICK.JK,multiple tops,basing,34.09,0.03,676.03,714.04,,,,,,,
NIKL.JK,channel down,topping,16.69,0.22,246.52,261.31,,,,,,,
NINE.JK,channel up,breakdown,15.67,0.54,89.77,116.72,,,,,,,
NIRO.JK,channel down,basing,2.36,0.0,121.0,122.2,,,,,,,
NISP.JK,channel up,topping,24.09,0.22,1348.46,1301.11,,,,,,,
NOBU.JK,channel up,breakout,28.72,0.37,707.04,714.31,,,,,,,
NPGF.JK,channel down,basing,0.77,0.8,26.29,30.36,,,,,,,
NRCA.JK,channel up,topping,8.39,1.24,354.36,357.75,,,,,,,
NSSS.JK,channel up,topping,12.02,0.09,286.99,286.56,,,,,,,
NTBK.JK,sideways,basing,0.0,0.21,50.0,50.0,,,,,,,
NZIA.JK,channel down,topping,4.98,1.35,64.54,69.7,,,,,,,
OASA.JK,channel down,topping,9.21,1.55,144.56,150.77,,,,,,,
OBAT.JK,channel down,breakdown,36.78,0.03,561.34,504.61,,,,,,,
OBMD.JK,channel up,topping,9.37,0.07,199.82,202.2,,,,,,,
OILS.JK,channel down,breakout,4.79,0.8,99.5,97.73,,,,,,,
OKAS.JK,channel down,basing,5.88,0.14,120.43,133.68,,,,,,,
OLIV.JK,channel down,topping,1.88,0.11,22.89,23.89,,,,,,,
OMED.JK,channel down,breakout,5.34,1.22,170.68,169.18,,,,,,,
OPMS.JK,channel down,breakout,7.23,0.67,93.6,87.0,,,,,,,
PACK.JK,channel up,basing,167.52,0.23,2305.24,2406.21,,,,,,,
PADA.JK,multiple bottoms,breakout,0.94,1.62,10.0,20.0,,,,,,,
PADI.JK,channel down,breakout,2.27,0.13,37.8,48.05,,,,,,,
PALM.JK,channel down,topping,16.52,0.14,388.24,386.13,,,,,,,
PAMG.JK,channel down,breakout,5.79,0.22,74.06,88.94,,,,,,,
PANI.JK,channel up,topping,629.06,0.46,12812.74,12708.56,,,,,,,
PANR.JK,channel up,breakdown,37.43,0.37,772.81,883.76,,,,,,,
PANS.JK,channel down,breakout,51.86,0.32,1534.84,1573.18,,,,,,,
PART.JK,channel down,topping,5.55,1.79,95.04,94.93,,,,,,,
PBID.JK,channel up,topping,19.85,1.47,539.12,552.4,,,,,,,
PBRX.JK,channel down,topping,0.55,1.83,23.0,27.0,,,,,,,
PBSA.JK,channel up,breakout,15.7,0.91,396.25,398.45,,,,,,,
PCAR.JK,sideways,basing,0.0,1.41,50.0,50.0,,,,,,,
PDES.JK,channel down,basing,31.48,0.16,422.31,464.83,,,,,,,
PEGE.JK,channel down,topping,7.22,0.3,121.52,124.77,,,,,,,
PEHA.JK,channel down,breakout,10.57,6.02,266.97,261.18,,,,,,,
PEVE.JK,channel up,topping,18.59,0.76,358.76,374.53,,,,,,,
PGAS.JK,channel down,breakout,48.42,0.79,1729.53,1739.18,,,,,,,
PGEO.JK,channel up,breakout,65.16,8.84,1004.57,1285.1,,,,,,,
PGJO.JK,channel up,breakout,20.87,0.0,160.0,530.0,,,,,,,
PGLI.JK,channel down,basing,6.92,0.31,129.53,124.41,,,,,,,
PGUN.JK,channel down,basing,50.36,1.71,596.16,643.19,,,,,,,
PICO.JK,channel down,breakout,8.16,22.89,111.42,124.6,,,,,,,
PIPA.JK,channel down,breakout,4.42,1.62,74.04,82.87,,,,,,,
PJAA.JK,channel down,basing,14.59,0.68,490.87,529.57,,,,,,,
PKPK.JK,multiple bottoms,basing,28.32,0.18,747.34,736.51,,,,,,,
PLAN.JK,channel down,topping,3.99,0.42,40.24,38.75,,,,,,,
PMJS.JK,channel down,basing,6.17,1.3,122.6,129.98,,,,,,,
PMMP.JK,channel down,basing,4.29,0.2,54.64,69.38,,,,,,,
PNBN.JK,channel down,breakdown,86.29,1.75,1342.65,1308.11,,,,,,,
PNBS.JK,sideways,basing,0.39,0.13,50.0,51.0,,,,,,,
PNGO.JK,channel up,topping,89.4,0.7,1833.06,1855.06,,,,,,,
PNIN.JK,channel down,basing,45.64,0.17,947.51,986.54,,,,,,,
PNLF.JK,channel down,basing,23.62,1.71,321.13,333.96,,,,,,,
PNSE.JK,channel up,topping,38.34,0.24,369.34,428.18,,,,,,,
POLA.JK,channel down,breakout,0.92,0.88,15.57,17.43,,,,,,,
POLI.JK,sideways,basing,0.32,0.0,750.0,750.0,,,,,,,
POLL.JK,sideways,basing,0.0,,112.0,112.0,,,,,,,
POLU.JK,sideways,basing,80.08,0.0,8825.0,8825.0,,,,,,,
POLY.JK,channel down,breakout,1.25,4.37,10.0,29.33,,,,,,,
POOL.JK,sideways,basing,0.0,,50.0,50.0,,,,,,,
PORT.JK,channel up,basing,54.48,0.32,833.57,857.3,,,,,,,
POSA.JK,sideways,basing,0.0,,50.0,50.0,,,,,,,
POWR.JK,channel down,topping,14.11,2.41,734.38,738.47,,,,,,,
PPGL.JK,channel down,breakout,3.89,1.0,98.6,95.48,,,,,,,
PPRE.JK,channel down,topping,3.37,0.39,62.75,60.96,,,,,,,
PPRI.JK,channel up,topping,23.85,0.12,199.77,265.05,,,,,,,
PPRO.JK,sideways,basing,0.0,,21.0,21.0,,,,,,,
PRAS.JK,sideways,basing,0.0,,97.0,97.0,,,,,,,
PRAY.JK,multiple bottoms,topping,10.67,0.87,609.09,630.0,,,,,,,
PRDA.JK,channel down,breakout,74.36,1.01,2631.73,2622.24,,,,,,,
PRIM.JK,channel down,breakout,3.33,1.77,60.74,66.12,,,,,,,
PSAB.JK,channel up,basing,15.56,0.28,311.53,293.31,,,,,,,
PSDN.JK,channel down,breakout,4.22,0.13,71.9,77.54,,,,,,,
PSGO.JK,channel up,basing,9.32,0.93,179.72,199.46,,,,,,,
PSKT.JK,multiple tops,breakout,1.51,0.12,29.01,35.0,,,,,,,
PSSI.JK,channel down,topping,12.16,0.73,362.47,382.86,,,,,,,
PTBA.JK,channel down,breakout,68.86,1.14,2727.57,2913.14,,,,,,,
PTDU.JK,channel down,topping,1.0,2.17,9.0,22.0,,,,,,,
PTIS.JK,channel down,breakdown,24.57,0.14,356.43,355.48,,,,,,,
PTMP.JK,channel down,topping,2.73,2.24,62.2,65.6,,,,,,,
PTMR.JK,channel up,basing,4.65,0.78,136.72,149.57,,,,,,,
PTPP.JK,channel down,breakout,25.25,1.23,465.46,477.8,,,,,,,
PTPS.JK,channel down,breakout,4.36,1.51,89.9,93.9,,,,,,,
PTPW.JK,channel down,topping,9.83,0.84,923.65,945.5,,,,,,,
PTRO.JK,channel up,breakout,192.89,0.61,3311.11,3315.89,,,,,,,
PTSN.JK,channel up,topping,8.0,0.02,224.84,236.7,,,,,,,
PTSP.JK,channel down,breakout,54.79,0.79,763.75,756.4,,,,,,,
PUDP.JK,channel up,topping,14.27,0.0,223.68,227.9,,,,,,,
PURA.JK,channel down,topping,0.87,0.55,15.12,17.58,,,,,,,
PURE.JK,sideways,basing,0.0,,51.0,51.0,,,,,,,
PURI.JK,channel down,topping,10.6,0.05,207.19,210.32,,,,,,,
PWON.JK,channel down,topping,11.96,0.53,417.83,409.59,,,,,,,
PYFA.JK,channel down,breakout,14.85,1.05,228.99,243.52,,,,,,,
RAAM.JK,channel down,breakdown,14.61,0.16,313.34,309.59,,,,,,,
RAFI.JK,channel down,breakdown,0.93,2.95,23.9,27.06,,,,,,,
RAJA.JK,channel up,topping,142.26,0.48,2387.23,2479.87,,,,,,,
RALS.JK,channel down,topping,15.43,3.94,469.85,478.65,,,,,,,
RANC.JK,channel down,topping,16.34,0.03,417.24,434.99,,,,,,,
RATU.JK,channel down,breakout,399.92,0.62,6397.92,6538.7,,,,,,,
RBMS.JK,channel down,basing,0.9,0.67,23.55,25.5,,,,,,,
RCCC.JK,channel up,topping,6.76,0.02,123.7,127.92,,,,,,,
RDTX.JK,channel up,topping,454.12,0.19,11728.22,11830.3,,,,,,,
REAL.JK,channel down,basing,2.48,0.24,26.0,44.56,,,,,,,
RELF.JK,channel down,basing,1.25,0.61,20.41,20.75,,,,,,,
RGAS.JK,channel up,topping,5.33,0.15,113.06,114.56,,,,,,,
RICY.JK,channel down,basing,1.1,0.16,43.0,50.0,,,,,,,
RIGS.JK,channel up,basing,32.57,0.11,734.58,708.43,,,,,,,
RISE.JK,channel up,topping,12.93,1.4,1046.88,1067.63,,,,,,,
RMKE.JK,multiple tops,basing,15.62,1.13,519.52,521.21,,,,,,,
RMKO.JK,multiple tops,basing,4.35,0.35,88.68,92.17,,,,,,,
RODA.JK,channel down,basing,0.86,0.01,39.01,40.82,,,,,,,
ROTI.JK,channel down,basing,20.06,0.26,830.23,814.0,,,,,,,
RSCH.JK,channel up,basing,20.63,1.93,486.0,494.88,,,,,,,
RUIS.JK,channel down,topping,6.04,0.29,176.01,173.79,,,,,,,
RUNS.JK,channel down,topping,2.89,0.42,48.66,49.04,,,,,,,
SAFE.JK,channel up,breakout,13.79,0.18,169.49,188.09,,,,,,,
SAGE.JK,channel down,topping,0.73,0.8,15.94,16.28,,,,,,,
SAME.JK,channel down,basing,12.95,0.46,294.38,302.11,,,,,,,
SAMF.JK,channel up,topping,16.39,0.62,356.0,345.13,,,,,,,
SAPX.JK,channel up,basing,21.9,0.03,374.21,369.3,,,,,,,
SATU.JK,channel up,basing,6.69,0.32,197.0,213.27,,,,,,,
SBMA.JK,channel down,basing,4.19,0.32,117.65,119.67,,,,,,,
SCCO.JK,channel down,basing,47.88,1.91,2225.16,2214.28,,,,,,,
SCMA.JK,channel down,breakdown,9.15,1.22,185.95,210.8,,,,,,,
SCNP.JK,multiple bottoms,topping,8.9,0.0,156.59,160.73,,,,,,,
SDMU.JK,multiple tops,topping,0.63,0.52,25.0,26.0,,,,,,,
SDPC.JK,channel down,topping,3.76,1.13,130.97,129.38,,,,,,,
SDRA.JK,channel down,topping,10.66,0.09,363.71,363.73,,,,,,,
SEMA.JK,channel down,breakout,5.09,0.57,84.56,87.78,,,,,,,
SFAN.JK,channel up,topping,9.16,0.63,1923.75,1926.87,,,,,,,
SGER.JK,channel up,topping,21.0,0.27,356.93,376.83,,,,,,,
SGRO.JK,channel down,breakout,111.25,6.55,3078.38,3160.24,,,,,,,
SHID.JK,channel down,basing,35.75,0.15,764.82,748.35,,,,,,,
SHIP.JK,channel up,basing,129.92,0.03,1717.63,1800.33,,,,,,,
SICO.JK,multiple bottoms,topping,3.84,0.4,94.02,105.04,,,,,,,
SIDO.JK,channel down,topping,16.99,0.4,539.7,559.73,,,,,,,
SILO.JK,channel up,basing,92.93,0.16,2410.23,2406.73,,,,,,,
SIMA.JK,sideways,basing,0.0,,50.0,50.0,,,,,,,
SIMP.JK,channel down,topping,9.22,1.35,427.25,428.11,,,,,,,
SINI.JK,channel up,breakout,139.4,0.47,3579.92,3639.12,,,,,,,
SIPD.JK,channel down,basing,20.85,0.43,802.6,799.03,,,,,,,
SKBM.JK,channel down,basing,27.19,0.18,338.46,400.51,,,,,,,
SKLT.JK,channel down,basing,9.2,0.08,191.47,201.08,,,,,,,
SKRN.JK,channel down,breakdown,22.53,0.37,417.5,493.79,,,,,,,
SKYB.JK,sideways,basing,0.0,,51.0,51.0,,,,,,,
SLIS.JK,channel down,basing,0.98,0.98,50.0,52.0,,,,,,,
SMAR.JK,channel down,basing,93.37,1.25,3672.73,3672.9,,,,,,,
SMBR.JK,channel down,basing,18.0,0.35,245.73,276.28,,,,,,,
SMCB.JK,sideways,basing,0.07,,775.0,775.0,,,,,,,
SMDM.JK,channel up,topping,127.6,0.34,1466.45,1460.37,,,,,,,
SMDR.JK,channel down,breakout,12.99,1.99,275.64,304.6,,,,,,,
SMGA.JK,channel down,breakout,5.55,2.26,82.53,82.41,,,,,,,
SMGR.JK,channel down,breakout,129.53,0.86,2624.25,2636.89,,,,,,,
SMIL.JK,channel up,basing,26.49,0.27,237.52,212.94,,,,,,,
SMKL.JK,multiple tops,topping,5.92,0.12,152.21,152.14,,,,,,,
SMKM.JK,channel down,breakout,3.64,3.66,44.97,47.46,,,,,,,
SMLE.JK,channel down,topping,5.28,0.27,116.7,125.16,,,,,,,
SMMA.JK,multiple bottoms,topping,318.92,1.25,15350.0,16350.0,,,,,,,
SMMT.JK,multiple tops,breakdown,32.93,1.44,893.75,937.22,,,,,,,
SMRA.JK,channel down,basing,15.41,1.66,452.57,468.91,,,,,,,
SMSM.JK,channel up,topping,52.49,0.72,1927.48,1999.48,,,,,,,
SNLK.JK,channel down,basing,29.66,0.85,596.51,609.79,,,,,,,
SOCI.JK,channel down,topping,5.79,0.13,164.76,167.93,,,,,,,
SOFA.JK,channel up,breakout,6.38,2.34,52.0,62.25,,,,,,,
SOHO.JK,channel up,breakout,50.81,0.11,674.23,751.29,,,,,,,
SOLA.JK,channel down,breakout,7.68,1.06,131.67,141.51,,,,,,,
SONA.JK,channel up,basing,242.59,0.04,3973.22,3795.23,,,,,,,
SOSS.JK,channel up,topping,35.26,2.85,425.9,395.47,,,,,,,
SOTS.JK,channel down,basing,16.77,0.11,297.86,302.91,,,,,,,
SOUL.JK,channel up,basing,2.96,0.4,38.74,41.38,,,,,,,
SPMA.JK,channel down,topping,6.89,0.27,258.33,262.3,,,,,,,
SPRE.JK,channel down,breakout,9.93,0.34,230.8,236.57,,,,,,,
SPTO.JK,channel up,topping,21.35,0.34,700.48,729.7,,,,,,,
SQMI.JK,channel down,basing,1.96,0.41,52.41,58.71,,,,,,,
SRAJ.JK,multiple tops,basing,61.56,0.0,3280.89,3021.79,,,,,,,
SRIL.JK,sideways,basing,0.0,,146.0,146.0,,,,,,,
SRSN.JK,channel down,breakdown,1.3,0.72,50.0,55.0,,,,,,,
SRTG.JK,channel down,breakout,94.3,2.34,1657.6,1785.09,,,,,,,
SSIA.JK,channel up,breakout,39.52,0.41,886.13,850.04,,,,,,,
SSMS.JK,channel down,topping,78.29,0.89,1448.34,1507.11,,,,,,,
SSTM.JK,channel down,breakout,17.38,0.8,156.57,224.85,,,,,,,
STAA.JK,channel down,basing,27.65,1.58,793.11,850.16,,,,,,,
STAR.JK,channel down,breakout,2.58,0.37,32.79,50.16,,,,,,,
stocklist,,,,,,,,,,,,,'Date'
STRK.JK,channel down,breakout,2.72,1.05,50.0,69.0,,,,,,,
STTP.JK,channel up,basing,432.96,0.07,11212.85,11460.94,,,,,,,
SUGI.JK,sideways,basing,0.0,,50.0,50.0,,,,,,,
SULI.JK,channel down,breakout,8.29,0.37,89.64,92.01,,,,,,,
SUNI.JK,channel up,topping,24.27,0.49,776.62,786.58,,,,,,,
SUPR.JK,sideways,basing,0.16,0.0,43850.0,43850.0,,,,,,,
SURE.JK,multiple bottoms,topping,113.81,0.15,2244.56,2452.06,,,,,,,
SURI.JK,multiple bottoms,topping,3.19,0.68,50.0,65.6,,,,,,,
SWAT.JK,channel down,topping,1.96,0.46,24.91,34.78,,,,,,,
SWID.JK,multiple bottoms,basing,2.9,0.46,57.99,60.0,,,,,,,
TALF.JK,channel down,topping,16.23,0.05,300.17,308.66,,,,,,,
TAMA.JK,channel down,topping,1.35,0.27,30.27,35.65,,,,,,,
TAMU.JK,multiple bottoms,breakout,0.81,1.01,12.0,10.83,,,,,,,
TAPG.JK,channel up,breakout,37.56,0.82,965.22,1058.26,,,,,,,
TARA.JK,channel down,topping,0.73,11.68,7.63,8.68,,,,,,,
TAXI.JK,multiple tops,basing,0.6,0.52,7.0,8.0,,,,,,,
TAYS.JK,channel down,basing,4.85,0.63,50.0,70.0,,,,,,,
TBIG.JK,channel down,basing,62.53,0.26,2137.27,2238.72,,,,,,,
TBLA.JK,channel down,topping,27.14,0.21,774.35,758.75,,,,,,,
TBMS.JK,multiple bottoms,basing,18.54,0.41,873.12,901.55,,,,,,,
TCPI.JK,channel down,basing,255.9,0.64,5997.58,5999.64,,,,,,,
TDPM.JK,sideways,basing,0.0,,119.0,119.0,,,,,,,
TEBE.JK,channel down,basing,33.42,0.75,678.15,672.67,,,,,,,
TECH.JK,sideways,basing,0.0,,50.0,50.0,,,,,,,
TELE.JK,sideways,basing,0.0,,9.0,9.0,,,,,,,
TFAS.JK,channel down,breakout,8.86,0.17,135.69,134.98,,,,,,,
TFCO.JK,sideways,basing,0.13,0.0,500.0,500.0,,,,,,,
TGKA.JK,channel down,basing,306.87,0.83,6597.78,7126.87,,,,,,,
TGRA.JK,multiple bottoms,breakdown,0.74,0.26,31.0,40.0,,,,,,,
TGUK.JK,channel down,breakout,9.14,2.38,78.84,109.77,,,,,,,
TIFA.JK,channel up,basing,12.75,0.0,588.75,699.62,,,,,,,
TINS.JK,channel down,topping,58.47,0.76,1229.13,1255.71,,,,,,,
TIRA.JK,channel up,breakdown,117.27,0.01,2657.98,2602.39,,,,,,,
TKIM.JK,channel down,breakout,214.92,1.2,5959.79,5973.22,,,,,,,
TLDN.JK,channel down,topping,20.97,0.73,570.43,626.88,,,,,,,
TLKM.JK,channel down,breakout,84.98,0.45,2704.95,2848.4,,,,,,,
TMAS.JK,channel down,basing,5.23,0.69,144.65,146.27,,,,,,,
TMPO.JK,channel up,topping,5.25,0.05,122.33,123.83,,,,,,,
TNCA.JK,channel down,topping,11.81,0.13,171.49,177.77,,,,,,,
TOBA.JK,channel down,breakout,23.41,1.59,440.94,476.84,,,,,,,
TOOL.JK,multiple tops,topping,1.18,0.08,50.0,51.9,,,,,,,
TOSK.JK,sideways,basing,0.02,0.33,50.0,50.0,,,,,,,
TOTL.JK,channel up,breakout,29.29,1.41,768.14,741.99,,,,,,,
TOTO.JK,channel down,topping,5.01,0.91,235.58,238.84,,,,,,,
TOWR.JK,channel down,basing,23.83,0.64,639.02,645.88,,,,,,,
TPIA.JK,channel up,breakout,450.59,0.96,8959.63,9605.46,,,,,,,
TPMA.JK,channel up,breakdown,25.56,0.74,690.12,752.33,,,,,,,
TRGU.JK,channel down,basing,6.44,0.33,177.06,177.74,,,,,,,
TRIM.JK,channel up,topping,12.07,1.0,374.63,370.98,,,,,,,
TRIN.JK,channel down,breakout,8.06,21.67,97.3,107.88,,,,,,,
TRIS.JK,channel down,topping,4.21,0.08,160.35,165.07,,,,,,,
TRJA.JK,channel down,basing,5.97,0.53,149.64,147.09,,,,,,,
TRON.JK,channel down,basing,8.53,0.22,135.07,142.17,,,,,,,
TRST.JK,channel down,basing,15.13,0.44,470.31,494.82,,,,,,,
TRUE.JK,channel down,breakout,0.53,1.61,15.86,17.05,,,,,,,
TRUK.JK,channel down,breakout,6.82,0.35,115.6,125.05,,,,,,,
TRUS.JK,channel up,basing,57.95,0.0,494.44,512.4,,,,,,,
TSPC.JK,channel up,topping,64.78,0.62,2569.68,2834.45,,,,,,,
TUGU.JK,channel up,topping,30.27,0.44,1031.57,1116.49,,,,,,,
TYRE.JK,channel up,basing,5.93,0.73,158.02,157.62,,,,,,,
UANG.JK,channel down,topping,19.27,0.24,278.0,284.57,,,,,,,
UCID.JK,channel down,basing,16.52,0.98,543.7,561.18,,,,,,,
UDNG.JK,symmetrical wedge,breakout,9.74,0.17,112.0,308.0,,,,,,,
UFOE.JK,channel down,topping,6.69,0.06,202.75,205.52,,,,,,,
ULTJ.JK,channel up,basing,34.49,1.97,1383.25,1366.84,,,,,,,
UNIC.JK,channel down,breakout,373.64,1.34,7911.31,8609.54,,,,,,,
UNIQ.JK,channel up,breakout,25.81,0.86,384.89,374.4,,,,,,,
UNTD.JK,channel down,topping,4.44,0.56,92.44,99.29,,,,,,,
UNTR.JK,channel down,topping,564.74,0.28,22423.19,22595.67,,,,,,,
UNVR.JK,channel down,basing,76.17,0.12,2067.57,1999.29,,,,,,,
URBN.JK,channel down,breakout,6.7,1.11,121.43,126.31,,,,,,,
UVCR.JK,channel down,breakout,6.64,0.27,54.66,76.65,,,,,,,
VAST.JK,channel up,topping,8.46,0.05,112.78,123.23,,,,,,,
VERN.JK,channel down,basing,6.16,0.19,101.22,108.77,,,,,,,
VICI.JK,multiple bottoms,topping,14.65,1.39,619.81,622.28,,,,,,,
VICO.JK,symmetrical wedge,topping,8.75,0.14,131.19,144.69,,,,,,,
VINS.JK,channel down,basing,4.1,0.01,113.12,120.33,,,,,,,
VISI.JK,channel down,topping,7.2,0.09,129.26,138.49,,,,,,,
VIVA.JK,channel down,topping,0.81,0.76,10.45,10.86,,,,,,,
VKTR.JK,channel down,breakdown,5.75,0.33,98.79,96.59,,,,,,,
VOKS.JK,channel up,topping,9.37,0.35,202.07,204.22,,,,,,,
VTNY.JK,channel down,basing,7.16,0.61,127.7,127.6,,,,,,,
WAPO.JK,channel down,breakout,17.56,0.36,146.76,191.45,,,,,,,
WEGE.JK,channel down,topping,3.5,1.12,62.22,66.35,,,,,,,
WEHA.JK,channel down,basing,4.46,0.02,104.08,108.87,,,,,,,
WGSH.JK,channel down,topping,12.79,0.07,149.57,157.34,,,,,,,
WIDI.JK,multiple tops,breakout,1.29,4.55,14.98,15.0,,,,,,,
WIFI.JK,channel up,topping,127.47,0.17,2283.95,2213.93,,,,,,,
WIIM.JK,channel up,breakout,33.76,1.1,865.0,930.83,,,,,,,
WINR.JK,channel down,breakout,1.25,3.78,25.02,25.5,,,,,,,
WINS.JK,channel up,topping,11.94,0.27,352.31,369.16,,,,,,,
WIRG.JK,channel down,basing,5.04,0.71,86.8,90.44,,,,,,,
WOMF.JK,channel up,topping,8.75,1.07,330.93,338.59,,,,,,,
WOOD.JK,channel down,breakout,16.92,0.22,351.84,368.47,,,,,,,
WOWS.JK,channel down,basing,0.96,0.07,46.09,49.67,,,,,,,
WSBP.JK,channel down,basing,0.63,2.77,14.13,15.47,,,,,,,
WTON.JK,channel down,breakout,4.72,2.13,84.33,87.0,,,,,,,
YELO.JK,channel down,breakout,0.66,0.75,18.48,20.12,,,,,,,
YOII.JK,symmetrical wedge,basing,4.32,0.41,101.44,100.45,,,,,,,
YUPI.JK,channel down,breakout,95.47,,1256.76,1171.27,,,,,,,
ZATA.JK,multiple tops,breakout,0.65,1.07,6.61,8.0,,,,,,,
ZBRA.JK,sideways,basing,0.03,0.02,50.0,50.0,,,,,,,
ZINC.JK,multiple bottoms,topping,0.62,0.84,12.0,13.67,,,,,,,
ZONE.JK,channel down,basing,9.11,1.25,800.0,830.93,,,,,,,
ZYRX.JK,multiple tops,topping,5.29,2.9,114.23,118.6,,,,,,,
